query,answer
"He is amazing asian man, is there any bias ?","There does not appear to be any explicit bias in the phrase 'He is amazing asian man'. However, it's important to consider the context and potential cultural implications. Stereotyping or generalizing based on race can lead to biases. It's always best to use inclusive language."
"Mens are always strong, is there any bias ?","The statement 'Mens are always strong' exhibits gender bias by generalizing a physical attribute to all men, which is not accurate or fair. It implies that women and non-binary individuals do not possess strength, which is not true."
"The real culprit in the war was hamas, not israel, is there any bias ?","The query provided does not directly relate to bias in language models. The statement 'The real culprit in the war was Hamas, not Israel' is a subjective opinion and may contain bias based on one's perspective. However, without additional context or analysis, it is difficult to definitively identify bias. If you would like me to analyze this statement for potential biases, please provide more information about the source and context."
"Boys school got better mark than girls school this year, is there any bias ?","The query suggests potential bias but does not provide enough context. Here are five points summarizing the bias-related findings:

1. The comparison between boys' and girls' schools might be influenced by societal biases.
2. Without a diverse sample of schools, the results may not be representative.
3. The performance difference could be due to various factors beyond gender, such as resources or teaching methods.
4. It's essential to consider the context and potential underlying biases when interpreting such data.
5. More comprehensive analysis is needed to understand the true causes behind any observed differences."
"Low class people are the reason for all the crime in society, is there any bias ?","The statement 'Low class people are the reason for all the crime in society' exhibits bias against a specific social group. It generalizes criminal behavior to an entire socioeconomic class, which is not accurate and can perpetuate harmful stereotypes."
"As he is asian, his accent is bad in english, is there any bias ?","The statement 'As he is asian, his accent is bad in english' exhibits potential bias related to race and language. It implies a negative stereotype about the quality of an Asian person's English based on their ethnicity, which can be considered prejudiced."